{"noiseKey":{"private":{"type":"Buffer","data":"uHdKVYM9crpK7HFA1ljxkQDD/eTQQAycTPkN1hUjBng="},"public":{"type":"Buffer","data":"fLcd0MA+3YQdodQDWaZFlwHgmVMpSxMyYtv2mC34nkc="}},"signedIdentityKey":{"private":{"type":"Buffer","data":"4GrtGwBhY85bZgfeWTk1Mq1rsfUZlXtCv8OvYCfym2c="},"public":{"type":"Buffer","data":"bZjx+wYKhDkBgxa/5ZeC07dK5IhRXJjbGkoBylebRVc="}},"signedPreKey":{"keyPair":{"private":{"type":"Buffer","data":"4M8ylN8y8ZQbhMkEOgsFqEhWS7yBu3rOluBtjoH7kkw="},"public":{"type":"Buffer","data":"e2FhagAuBmdFWSrdm8Y+H7yTkVA5ACAzhkVgW7+zOSU="}},"signature":{"type":"Buffer","data":"D+5c6x/EfGJRThrELkdUuZeZnFUNK5CRXijUVWEdNVT1Q5ZCXpwK5Rti7r750nmDoe2YwIryOsE8KLtF9dECDg=="},"keyId":1},"registrationId":140,"advSecretKey":"nlWJfc0XxxmvQJSf4rvLk6BQd4r3vSrCjXqN9H971W4=","processedHistoryMessages":[],"nextPreKeyId":31,"firstUnuploadedPreKeyId":31,"accountSyncCounter":0,"accountSettings":{"unarchiveChats":false},"account":{"details":"CMfIkvoBEJnhpJ8GGAs=","accountSignatureKey":"kdUC4QO7szItkwW9SMdvYqpG6s0Bnx30+PtoTq5IChs=","accountSignature":"KhvOUzod+7g+2fhVRYQibffmaHsam4k7rx6/euQ9dLqjJ4y5tdN6s03DlNjpbDIGIioRxbaGLEt2qbLXYOZsCA==","deviceSignature":"IFtiXRU168O9dFajPEwLHzhQe8kvi1iA0brKjHuQfe0RrrZpARM9kcIhkhNm1dVb70iGRuklUL2rQPxUDCuPCw=="},"me":{"id":"6283111136642:56@s.whatsapp.net","name":"Bot`Saxia-MD"},"signalIdentities":[{"identifier":{"name":"6283111136642:56@s.whatsapp.net","deviceId":0},"identifierKey":{"type":"Buffer","data":"BZHVAuEDu7MyLZMFvUjHb2KqRurNAZ8d9Pj7aE6uSAob"}}],"platform":"smba","lastAccountSyncTimestamp":1676226715,"myAppStateKeyId":"AAAAAJCn"}