{"_sessions":{"BQSShAfxSLXCNE3lL3kRu7LsvLkxNCvLd06qIV59k3kj":{"registrationId":78,"currentRatchet":{"ephemeralKeyPair":{"pubKey":"BSkvgQLlf/aCi9frtfcgJPFHfRlkdkhykMJJyfJrbZdg","privKey":"8N8Uxnur+iDKtx92SjBHigfBKRijLcVR2vVdtIizXnI="},"lastRemoteEphemeralKey":"BSx7NhBWZpTsyR5LkZ689zncFa7rL81dCA3wQtr+ENVu","previousCounter":0,"rootKey":"uNZUEOJY5bCgGCZPUGm1MFxHTX9Y/qStssjMAb7LBIg="},"indexInfo":{"baseKey":"BQSShAfxSLXCNE3lL3kRu7LsvLkxNCvLd06qIV59k3kj","baseKeyType":1,"closed":-1,"used":1676226721366,"created":1676226721366,"remoteIdentityKey":"BaN6cY92CjaIo45qk7HZOoadVdqUTL1VCZvTC2LuSco+"},"_chains":{"BSkvgQLlf/aCi9frtfcgJPFHfRlkdkhykMJJyfJrbZdg":{"chainKey":{"counter":0,"key":"lXly3+cYeR/RpU1DKNWKLUT2XQgW4HJyX9kVsY98oFM="},"chainType":1,"messageKeys":{}}},"pendingPreKey":{"signedKeyId":1,"baseKey":"BQSShAfxSLXCNE3lL3kRu7LsvLkxNCvLd06qIV59k3kj"}}},"version":"v1"}