{"_sessions":{"BZUcdLL+fKsyyI/FKX5PwK5dF7IWXYO1h6NN+8g2eKsS":{"registrationId":21,"currentRatchet":{"ephemeralKeyPair":{"pubKey":"BdgW08Swlu7CsEeyfDT4gu2CYc3CDD0YImwV15k+7l4C","privKey":"MLvAZix/Cmons9dpaA4ZTQ6vStZPSCL5atwuICfiF2U="},"lastRemoteEphemeralKey":"BTx0BHnliQaEQZgWVokWQXHHYp07kkcwSO05AQqEk1cE","previousCounter":0,"rootKey":"bMsDgVCeHOvSlZKF26He5jp8cjyXgwZ6PEy/Z0HhZvo="},"indexInfo":{"baseKey":"BZUcdLL+fKsyyI/FKX5PwK5dF7IWXYO1h6NN+8g2eKsS","baseKeyType":1,"closed":-1,"used":1676226721361,"created":1676226721361,"remoteIdentityKey":"BXc1v30ZxjFKRim1RjITFxE5KxlBBeO4MX6tvEunl5Zo"},"_chains":{"BdgW08Swlu7CsEeyfDT4gu2CYc3CDD0YImwV15k+7l4C":{"chainKey":{"counter":0,"key":"shD9zJ93VM+dvbhy+PCHOxdRsqqQCgHgxXnWtSUrzpI="},"chainType":1,"messageKeys":{}}},"pendingPreKey":{"signedKeyId":1,"baseKey":"BZUcdLL+fKsyyI/FKX5PwK5dF7IWXYO1h6NN+8g2eKsS"}}},"version":"v1"}