{"_sessions":{"Baga2bnNqa3RwTwPkn9CBAz7fjOT1Qgg4BwpaN+IkjQr":{"registrationId":1220750907,"currentRatchet":{"ephemeralKeyPair":{"pubKey":"BfP+LMoWQTtfxthMMg6AG4GP2bIJTsimXvt01Hqc52U1","privKey":"iKoh/2viNgYIHWSKb4QUPEYj09tt3OPic3+jH3pXumM="},"lastRemoteEphemeralKey":"BcV+HVkrPcfRL87EtFoIILIQTA5TJWWR1TkdO1AyWXU5","previousCounter":1,"rootKey":"D+4jxmEogdkaz/jWqjb/aJsFkz08YQep6WFZ2dqHji4="},"indexInfo":{"baseKey":"Baga2bnNqa3RwTwPkn9CBAz7fjOT1Qgg4BwpaN+IkjQr","baseKeyType":2,"closed":-1,"used":1676226722529,"created":1676226716978,"remoteIdentityKey":"BZHVAuEDu7MyLZMFvUjHb2KqRurNAZ8d9Pj7aE6uSAob"},"_chains":{"BRJNh9pw8OC5boS1m/MW3a3qryyY2zfXHm39SawcRws3":{"chainKey":{"counter":0},"chainType":2,"messageKeys":{}},"BcV+HVkrPcfRL87EtFoIILIQTA5TJWWR1TkdO1AyWXU5":{"chainKey":{"counter":0,"key":"teVVhypklKVUOpV7vdq9HIk9Crx5zZq/pbATiqBmfjk="},"chainType":2,"messageKeys":{}},"BfP+LMoWQTtfxthMMg6AG4GP2bIJTsimXvt01Hqc52U1":{"chainKey":{"counter":-1,"key":"9TDFXQmqwOrKLpqsVMn2KZ3mbMxryjM/tzYmaks0UjQ="},"chainType":1,"messageKeys":{}}}}},"version":"v1"}