{"_sessions":{"BfOBtR2BWTinRdZck0nMANYU26YyVUhBuxD0lM9KcjQ/":{"registrationId":161,"currentRatchet":{"ephemeralKeyPair":{"pubKey":"BdwBggTvuw/cnOGvhsSi6M6LXKckZTyRzoFseAqmhmIw","privKey":"6AWH/BJ4pnn+f5X3HiDU4fjAYkwZDSMPqttqYYzAB1I="},"lastRemoteEphemeralKey":"BUrA46KSbl000q1cQeL4s6SromlOlvr15MAS7KtrUcdS","previousCounter":0,"rootKey":"cLu+C4IppwHEd55/k77Nt18sX6nuA6C45QKshtNYUow="},"indexInfo":{"baseKey":"BfOBtR2BWTinRdZck0nMANYU26YyVUhBuxD0lM9KcjQ/","baseKeyType":1,"closed":-1,"used":1676226721372,"created":1676226721372,"remoteIdentityKey":"BUetbFeM9lmKy0kBRrShX1sV87nBmvzRXJneWXpWvwwe"},"_chains":{"BdwBggTvuw/cnOGvhsSi6M6LXKckZTyRzoFseAqmhmIw":{"chainKey":{"counter":0,"key":"znp3FTFvulLhCMwiskGv3m5nOqGo4suSW43C+ihuQsw="},"chainType":1,"messageKeys":{}}},"pendingPreKey":{"signedKeyId":1,"baseKey":"BfOBtR2BWTinRdZck0nMANYU26YyVUhBuxD0lM9KcjQ/","preKeyId":530}}},"version":"v1"}